Guide Sequence,Position,#G in Window,Mutation Type,Original AA,Mutated AA,Mutated Positions
AAGGTGTGGGGAAGCATTAA,(167-186),1,Missense Mutation,A,T,[180]
GGATTCCATGTTCATGAGTT,(209-228),1,Missense Mutation,M,I,[224]
ACAGCAGGCTGTACCAGTGC,(239-258),1,Missense Mutation,V,M,[255]
GTGGGCCAAAGGATGAAGAG,(294-313),1,Missense Mutation,M,I,[308]
TCAGGAGACCATTGCATCAT,(398-417),1,Missense Mutation,A,T,[411]
TTGCATCATTGGCCGCACAC,(409-428),1,Missense Mutation,A,T,[423]
AGGAAACGCTGGAAGTCGTT,(490-509),1,Missense Mutation,V,I,[504]
TCGTAGTCTCCTGCAGCGTC,(3-22),2,Missense Mutation,A,T,[15]
TCGTAGTCTCCTGCAGCGTC,(3-22),2,Missense Mutation,A,T,[18]
GGGGTTTCCGTTGCAGTCCT,(24-43),2,Missense Mutation,A,T,[36]
GGGGTTTCCGTTGCAGTCCT,(24-43),2,Missense Mutation,V,I,[39]
AGTCCTCGGAACCAGGACCT,(38-57),2,Missense Mutation,R,K,[52]
CATCATCAATTTCGAGCAGA,(127-146),2,Missense Mutation,S,N,[142]
TTCGAGCAGAAGGAAAGTAA,(137-156),2,Missense Mutation,V,I,[153]
GTAATGGACCAGTGAAGGTG,(153-172),2,Missense Mutation,R,K,[169]
GGACTGACTGAAGGCCTGCA,(188-207),2,Missense Mutation,A,T,[201]
AAGGATGAAGAGAGGCATGT,(302-321),2,Missense Mutation,G,S,[315]
AAGGATGAAGAGAGGCATGT,(302-321),2,Missense Mutation,G,D,[316]
GACTGCTGACAAAGATGGTG,(340-359),2,Missense Mutation,M,I,[356]
CCATGAAAAAGCAGATGACT,(436-455),2,Missense Mutation,M,I,[452]
GCAGATGACTTGGGCAAAGG,(446-465),2,Nonsense Mutation,W,*,[458]
GCAGATGACTTGGGCAAAGG,(446-465),2,Missense Mutation,A,T,[459]
AGTACAAAGACAGGAAACGC,(479-498),2,Missense Mutation,E,K,[492]
GCTGGAAGTCGTTTGGCTTG,(497-516),2,Nonsense Mutation,W,*,[511]
GCTGGAAGTCGTTTGGCTTG,(497-516),2,Nonsense Mutation,W,*,[512]
ATTCCCTTGGATGTAGTCTG,(544-563),2,Missense Mutation,C,Y,[556]
ATTCCCTTGGATGTAGTCTG,(544-563),2,Missense Mutation,S,N,[559]
CTAGCGAGTTATGGCGACGA,(67-86),3,Nonsense Mutation,W,*,[79]
CTAGCGAGTTATGGCGACGA,(67-86),3,Nonsense Mutation,W,*,[80]
CTAGCGAGTTATGGCGACGA,(67-86),3,Missense Mutation,R,Q,[82]
CAGAAAACACGGTGGGCCAA,(283-302),3,Missense Mutation,G,S,[297]
CAGAAAACACGGTGGGCCAA,(283-302),3,Missense Mutation,G,D,[298]
AGAGAGGCATGTTGGAGACT,(310-329),3,Missense Mutation,E,K,[324]
AAAGCAGATGACTTGGGCAA,(443-462),3,Nonsense Mutation,W,*,[457]
AAAGCAGATGACTTGGGCAA,(443-462),3,Nonsense Mutation,W,*,[458]
AAAGCAGATGACTTGGGCAA,(443-462),3,Missense Mutation,A,T,[459]
CGTTTGGCTTGTGGTGTAAT,(506-525),3,Missense Mutation,V,M,[519]
